task,moved_set,moved_abs_cliffs,spared_abs_cliffs,dissociation_D,perm_p,n_perm
prosody,broad,0.40780542986425333,0.286764705882353,0.12104072398190036,0.10037992401519696,5000
vowel,broad,0.27771493212669685,0.20098039215686272,0.07673453996983412,0.23255348930213957,5000
prosody,focused,0.5191176470588236,0.286764705882353,0.2323529411764706,0.007798440311937612,5000
vowel,focused,0.36911764705882355,0.20098039215686272,0.16813725490196083,0.04879024195160968,5000
