task,sesoi,geometry_abs_cliffs,geometry_ci90_lo,geometry_ci90_hi,moved_abs_cliffs,equivalent_to_negligible
prosody,0.147,0.286764705882353,0.10009803921568629,0.5793086419753084,0.40780542986425333,False
vowel,0.147,0.20098039215686272,0.06666666666666667,0.48179271708683474,0.27771493212669685,False
