window,dispersion_iqr_z,n_days_median,channel
rapid,1.2649156229131377,11,cover
stable,1.2818194031776202,17,cover
rapid,0.6929277183590697,11,geometry
stable,1.6546435639191426,17,geometry
