family_label,count,mean,median,max
Geometric (vocal-tract shape),3,0.08388230127360563,0.10408432147562582,0.1067193675889328
Source pitch (fold mass/tension),4,0.0461133069828722,0.04743083003952569,0.08300395256916997
Spectral envelope / timbre (MFCC),4,0.029644268774703556,0.021080368906455864,0.06982872200263504
Surface / damping (mucosa & closure),12,0.09683794466403162,0.08695652173913043,0.28063241106719367
